-- phpMyAdmin SQL Dump
-- version 4.7.3
-- https://www.phpmyadmin.net/
--
-- Хост: 127.0.0.1:3306
-- Время создания: Дек 19 2024 г., 00:46
-- Версия сервера: 5.7.19
-- Версия PHP: 7.1.7

SET SQL_MODE = "NO_AUTO_VALUE_ON_ZERO";
SET AUTOCOMMIT = 0;
START TRANSACTION;
SET time_zone = "+00:00";


/*!40101 SET @OLD_CHARACTER_SET_CLIENT=@@CHARACTER_SET_CLIENT */;
/*!40101 SET @OLD_CHARACTER_SET_RESULTS=@@CHARACTER_SET_RESULTS */;
/*!40101 SET @OLD_COLLATION_CONNECTION=@@COLLATION_CONNECTION */;
/*!40101 SET NAMES utf8mb4 */;

--
-- База данных: `donaty`
--

-- --------------------------------------------------------

--
-- Структура таблицы `categories`
--

CREATE TABLE `categories` (
  `id` int(11) NOT NULL,
  `name` varchar(200) NOT NULL,
  `descr` text NOT NULL,
  `icon` varchar(200) NOT NULL,
  `color` varchar(100) NOT NULL
) ENGINE=InnoDB DEFAULT CHARSET=utf8;

--
-- Дамп данных таблицы `categories`
--

INSERT INTO `categories` (`id`, `name`, `descr`, `icon`, `color`) VALUES
(1, 'Оборона та розмінування', '', 'thumb_2257_36_36_0_0_crop.webp', '#a9ee36'),
(3, 'Відбудована Україна', '', 'thumb_2259_36_36_0_0_crop.webp', '#ee3639'),
(4, 'Живлення', '', 'thumb_2463_36_36_0_0_crop.webp', '#eeea36'),
(5, 'Дрони ', '', 'thumb_2261_36_36_0_0_crop.webp', '#ee9e36'),
(6, 'Автівки', '', 'thumb_2260_36_36_0_0_crop.webp', '#36d3ee'),
(7, 'Зв\'язок', '', 'thumb_2258_36_36_0_0_crop.webp', '#367fee');

-- --------------------------------------------------------

--
-- Структура таблицы `cathelp`
--

CREATE TABLE `cathelp` (
  `idcat` int(11) NOT NULL,
  `idhelp` int(11) NOT NULL
) ENGINE=InnoDB DEFAULT CHARSET=utf8;

--
-- Дамп данных таблицы `cathelp`
--

INSERT INTO `cathelp` (`idcat`, `idhelp`) VALUES
(1, 6),
(6, 6),
(3, 7),
(7, 8),
(6, 9),
(7, 10),
(5, 11),
(4, 12),
(4, 13),
(1, 14),
(3, 14),
(6, 15),
(4, 16),
(5, 17),
(1, 18),
(4, 18),
(4, 19),
(6, 19),
(6, 20),
(4, 21),
(1, 22),
(3, 23),
(4, 23),
(1, 24),
(6, 24),
(3, 25),
(4, 25),
(4, 26),
(6, 26),
(3, 27),
(4, 27),
(1, 28),
(3, 28),
(4, 28),
(7, 28),
(1, 29),
(6, 29),
(1, 30),
(6, 30),
(1, 31),
(4, 31),
(3, 32),
(4, 32),
(6, 32),
(6, 5),
(3, 1);

-- --------------------------------------------------------

--
-- Структура таблицы `color`
--

CREATE TABLE `color` (
  `color` varchar(100) NOT NULL
) ENGINE=InnoDB DEFAULT CHARSET=utf8;

--
-- Дамп данных таблицы `color`
--

INSERT INTO `color` (`color`) VALUES
('#ee3639'),
('#ee9e36'),
('#eeea3'),
('#a9ee36');

-- --------------------------------------------------------

--
-- Структура таблицы `currency`
--

CREATE TABLE `currency` (
  `id` int(11) NOT NULL,
  `name` varchar(50) NOT NULL,
  `kurs` float NOT NULL
) ENGINE=InnoDB DEFAULT CHARSET=utf8;

--
-- Дамп данных таблицы `currency`
--

INSERT INTO `currency` (`id`, `name`, `kurs`) VALUES
(1, 'UAH', 1),
(2, 'EUR', 43.2),
(3, 'USD', 40.1);

-- --------------------------------------------------------

--
-- Структура таблицы `db_users`
--

CREATE TABLE `db_users` (
  `id` int(11) NOT NULL,
  `fio` varchar(200) NOT NULL,
  `phone` varchar(100) NOT NULL,
  `email` varchar(100) NOT NULL,
  `login` varchar(100) NOT NULL,
  `password` varchar(255) NOT NULL,
  `action` varchar(10) NOT NULL,
  `supervisor` varchar(10) NOT NULL,
  `dat` date NOT NULL,
  `datLast` date NOT NULL,
  `ipLast` varchar(25) NOT NULL,
  `role` int(11) NOT NULL,
  `adminYes` varchar(100) DEFAULT 'No',
  `naSite` varchar(20) DEFAULT NULL
) ENGINE=InnoDB DEFAULT CHARSET=utf8;

--
-- Дамп данных таблицы `db_users`
--

INSERT INTO `db_users` (`id`, `fio`, `phone`, `email`, `login`, `password`, `action`, `supervisor`, `dat`, `datLast`, `ipLast`, `role`, `adminYes`, `naSite`) VALUES
(34, '', '+3293939393', 'uoz.server.zt@gmail.com222', 'admin', '$2y$10$zCuyYuLDavhV4veTVhqmkej5LfoBwxdu7LgUVgIliphtjSifhOSeC', 'False', 'True', '2020-05-12', '2020-05-12', '193.107.75.14', 2, 'YES', '127.0.0.1'),
(46, 'Халиімон Надія Петрівна', '0', '0', 'halimonNP', '$2y$10$otH9wtKbmRRrmyWVB7TSEesiYAh98rwLesnuAGCEqqo4sjlbf7J/K', 'False', 'False', '2121-10-07', '2121-10-07', '193.107.75.14', 3, 'YES', '195.60.174.1');

-- --------------------------------------------------------

--
-- Структура таблицы `gethelp`
--

CREATE TABLE `gethelp` (
  `id` int(11) NOT NULL,
  `idhelp` int(11) NOT NULL,
  `email` varchar(100) NOT NULL,
  `summa` int(11) NOT NULL,
  `land` varchar(100) NOT NULL,
  `date` date NOT NULL,
  `org` varchar(100) NOT NULL,
  `currency` varchar(11) NOT NULL,
  `ingrn` float NOT NULL
) ENGINE=InnoDB DEFAULT CHARSET=utf8;

--
-- Дамп данных таблицы `gethelp`
--

INSERT INTO `gethelp` (`id`, `idhelp`, `email`, `summa`, `land`, `date`, `org`, `currency`, `ingrn`) VALUES
(1, 5, 'petrov@ukr.net', 500, 'Німеччина', '2024-06-21', 'business', 'EUR', 21600),
(2, 1, 'vasul@ukr.net', 950, 'Франція', '2024-06-21', 'found', 'USD', 38095),
(3, 6, 'simon@ukr.net', 500, 'Франція', '2024-06-21', 'volunteer', 'UAH', 500),
(4, 1, 'peschko5@uke.net', 950, 'Німеччина', '2024-06-21', 'volunteer', 'EUR', 41040),
(5, 1, 'peschko5@uke.net', 950, 'Англія', '2024-06-21', 'volunteer', 'EUR', 41040),
(6, 1, 'peschko5@uke.net', 950, 'Німеччина', '2024-06-21', 'volunteer', 'EUR', 41040),
(8, 5, '', 500, 'Англія', '2024-06-21', 'volunteer', 'UAH', 500),
(9, 5, '', 250, 'Німеччина', '2024-06-21', 'volunteer', 'EUR', 10800),
(10, 9, 'regx21@gmail.com', 500, 'Німеччина', '2024-06-21', 'business', 'UAH', 500),
(11, 9, 'regx21@gmail.com', 950, 'Німеччина', '2024-06-21', 'found', 'EUR', 41040),
(12, 9, 'mhl83o2x@gmail.com', 500, 'Україна', '2024-06-21', 'found', 'USD', 20050),
(13, 9, 'tzpl96o3wn@zoho.com', 950, 'Україна', '2024-06-21', 'volunteer', 'USD', 38095),
(14, 9, 'tzpl96o3wn@zoho.com', 950, 'Україна', '2024-06-21', 'volunteer', 'USD', 38095),
(15, 9, 'regx21@gmail.com', 500, 'Україна', '2024-06-21', 'volunteer', 'EUR', 21600),
(16, 9, 'regx21@gmail.com', 250, 'Франція', '2024-06-21', 'business', 'EUR', 10800),
(17, 9, 'mhl83o2x@gmail.com', 250, 'Україна', '2024-06-21', 'volunteer', 'UAH', 250),
(18, 10, 'regx21@gmail.com', 500, 'Франція', '2024-06-21', 'business', 'EUR', 21600),
(19, 10, 'globina999@gmail.com', 250, 'Польща', '2024-06-21', 'business', 'UAH', 250),
(20, 10, 'regx21@gmail.com', 500, 'Франція', '2024-06-21', 'found', 'EUR', 21600),
(21, 10, 'pitkevych.andrii.1991@gmail.com', 500, 'Франція', '2024-06-21', 'found', 'USD', 20050),
(22, 10, 'regx21@gmail.com', 950, 'Німеччина', '2024-06-21', 'found', 'EUR', 41040),
(23, 1, 'tzpl96o3wn@zoho.com', 500, 'Україна', '2024-06-21', 'volunteer', 'UAH', 500),
(24, 1, 'tzpl96o3wn@zoho.com', 500, 'Німеччина', '2024-06-21', 'volunteer', 'EUR', 21600),
(25, 1, 'mhl83o2x@gmail.com', 950, 'Німеччина', '2024-06-21', 'business', 'USD', 38095),
(26, 1, 'globina999@gmail.com', 500, 'Німеччина', '2024-06-21', 'volunteer', 'USD', 20050),
(27, 5, 'regx21@gmail.com', 500, 'Німеччина', '2024-06-21', 'found', 'EUR', 21600),
(28, 5, 'globina999@gmail.com', 250, 'Україна', '2024-06-21', 'volunteer', 'UAH', 250),
(29, 5, 'mhl83o2x@gmail.com', 500, 'Україна', '2024-06-21', 'volunteer', 'EUR', 21600),
(30, 5, 'regx21@gmail.com', 950, 'Німеччина', '2024-06-21', 'business', 'USD', 38095),
(31, 5, 'tzpl96o3wn@zoho.com', 500, 'Німеччина', '2024-06-21', 'business', 'EUR', 21600),
(32, 5, 'pitkevych.andrii.1991@gmail.com', 500, 'Німеччина', '2024-06-21', 'business', 'EUR', 21600),
(33, 5, 'tzpl96o3wn@zoho.com', 500, 'Німеччина', '2024-06-21', 'found', 'EUR', 21600),
(34, 5, 'mhl83o2x@gmail.com', 500, 'Україна', '2024-06-21', 'volunteer', 'EUR', 21600),
(35, 5, 'mhl83o2x@gmail.com', 950, 'Україна', '2024-06-21', 'volunteer', 'UAH', 950),
(36, 5, 'pitkevych.andrii.1991@gmail.com', 500, 'Україна', '2024-06-21', 'volunteer', 'EUR', 21600),
(37, 5, 'globina999@gmail.com', 500, 'Польща', '2024-06-21', 'volunteer', 'EUR', 21600),
(38, 5, 'tzpl96o3wn@zoho.com', 950, 'Польща', '2024-06-21', 'volunteer', 'EUR', 41040),
(39, 6, 'mhl83o2x@gmail.com', 500, 'Польща', '2024-06-21', 'business', 'EUR', 21600),
(40, 6, 'pitkevych.andrii.1991@gmail.com', 950, 'Польща', '2024-07-24', 'volunteer', 'USD', 38095),
(41, 6, 'pitkevych.andrii.1991@gmail.com', 950, 'Франція', '2024-07-15', 'volunteer', 'USD', 38095),
(42, 6, 'mhl83o2x@gmail.com', 500, 'Франція', '2024-07-15', 'found', 'EUR', 21600),
(43, 6, 'mhl83o2x@gmail.com', 500, 'Польща', '2024-07-15', 'business', 'EUR', 21600),
(44, 6, 'tzpl96o3wn@zoho.com', 950, 'Польща', '2024-07-15', 'volunteer', 'USD', 38095),
(45, 6, 'regx21@gmail.com', 950, 'Україна', '2024-07-15', 'found', 'EUR', 41040),
(46, 6, 'tzpl96o3wn@zoho.com', 500, 'Польща', '2024-07-15', 'business', 'EUR', 21600),
(47, 6, 'globina999@gmail.com', 950, 'Україна', '2024-07-15', 'business', 'EUR', 41040),
(48, 7, 'mhl83o2x@gmail.com', 500, 'Франція', '2024-07-15', 'found', 'EUR', 21600),
(49, 7, 'mhl83o2x@gmail.com', 500, 'Франція', '2024-07-15', 'found', 'EUR', 21600),
(50, 7, 'pitkevych.andrii.1991@gmail.com', 950, 'Франція', '2024-07-15', 'business', 'EUR', 41040),
(51, 7, 'regx21@gmail.com', 250, 'Німеччина', '2024-07-15', 'found', 'EUR', 10800),
(52, 7, 'globina999@gmail.com', 250, 'США', '2024-07-15', 'found', 'UAH', 250),
(53, 7, 'regx21@gmail.com', 950, 'Німеччина', '2024-07-15', 'volunteer', 'EUR', 41040),
(54, 7, 'globina999@gmail.com', 500, 'Німеччина', '2024-07-15', 'business', 'EUR', 21600),
(55, 7, 'pitkevych.andrii.1991@gmail.com', 500, 'Німеччина', '2024-07-15', 'volunteer', 'USD', 20050),
(56, 7, 'tzpl96o3wn@zoho.com', 950, 'Німеччина', '2024-07-15', 'volunteer', 'USD', 38095),
(57, 11, 'mhl83o2x@gmail.com', 500, 'Німеччина', '2024-07-15', 'found', 'EUR', 21600),
(58, 11, 'regx21@gmail.com', 950, 'США', '2024-07-15', 'business', 'EUR', 41040),
(59, 11, 'mhl83o2x@gmail.com', 950, 'Німеччина', '2024-07-15', 'volunteer', 'USD', 38095),
(60, 11, 'pitkevych.andrii.1991@gmail.com', 500, 'Німеччина', '2024-07-15', 'business', 'EUR', 21600),
(61, 11, 'globina999@gmail.com', 500, 'Німеччина', '2024-07-15', 'business', 'EUR', 21600),
(62, 12, 'regx21@gmail.com', 950, 'Німеччина', '2024-07-15', 'volunteer', 'USD', 38095),
(63, 12, 'regx21@gmail.com', 500, 'Німеччина', '2024-07-15', 'volunteer', 'UAH', 500),
(64, 12, 'tzpl96o3wn@zoho.com', 950, 'США', '2024-07-15', 'volunteer', 'USD', 38095),
(65, 12, 'globina999@gmail.com', 250, 'США', '2024-07-15', 'volunteer', 'EUR', 10800),
(66, 12, 'globina999@gmail.com', 500, 'США', '2024-07-15', 'volunteer', 'EUR', 21600),
(67, 12, 'tzpl96o3wn@zoho.com', 500, 'Франція', '2024-07-15', 'volunteer', 'EUR', 21600),
(68, 12, 'mhl83o2x@gmail.com', 500, 'Франція', '2024-07-15', 'volunteer', 'EUR', 21600),
(69, 13, 'regx21@gmail.com', 500, 'США', '2024-07-15', 'business', 'EUR', 21600),
(70, 13, 'tzpl96o3wn@zoho.com', 500, 'США', '2024-07-15', 'volunteer', 'EUR', 21600),
(71, 13, 'globina999@gmail.com', 500, 'США', '2024-07-15', 'volunteer', 'UAH', 500),
(72, 13, 'mhl83o2x@gmail.com', 950, 'США', '2024-07-15', 'volunteer', 'UAH', 950),
(73, 13, 'globina999@gmail.com', 950, 'США', '2024-07-15', 'business', 'UAH', 950),
(74, 14, 'nvl9o32ptx@yahoo.com', 500, 'США', '2024-07-15', 'business', 'EUR', 21600),
(75, 14, 'tzpl96o3wn@zoho.com', 500, 'Франція', '2024-07-15', 'volunteer', 'EUR', 21600),
(76, 14, 'pitkevych.andrii.1991@gmail.com', 950, 'США', '2024-07-15', 'business', 'USD', 38095),
(77, 14, 'lp5vwn39xo@protonmail.com', 500, 'США', '2024-07-15', 'volunteer', 'EUR', 21600),
(78, 14, 'bwnv5o39lx@icloud.com', 950, 'Франція', '2024-07-15', 'volunteer', 'EUR', 41040),
(79, 14, 'bwnv5o39lx@icloud.com', 950, 'Франція', '2024-07-15', 'business', 'EUR', 41040),
(80, 14, 'tzpl96o3wn@zoho.com', 950, 'США', '2024-07-10', 'volunteer', 'USD', 38095),
(81, 14, 'globina999@gmail.com', 950, 'Франція', '2024-08-15', 'business', 'UAH', 950),
(82, 14, 'regx21@gmail.com', 500, 'Франція', '2024-08-15', 'business', 'EUR', 21600),
(83, 14, 'bwnv5o39lx@icloud.com', 500, 'Франція', '2024-08-15', 'volunteer', 'UAH', 500),
(84, 15, 'bwnv5o39lx@icloud.com', 950, 'Франція', '2024-08-15', 'found', 'EUR', 41040),
(85, 15, 'pitkevych.andrii.1991@gmail.com', 950, 'Франція', '2024-08-15', 'business', 'EUR', 41040),
(86, 15, 'bwnv5o39lx@icloud.com', 950, 'Франція', '2024-08-15', 'business', 'EUR', 41040),
(87, 15, 'mhl83o2x@gmail.com', 950, 'Франція', '2024-08-15', 'found', 'USD', 38095),
(88, 16, 'bwnv5o39lx@icloud.com', 500, 'Україна', '2024-08-15', 'business', 'EUR', 21600),
(89, 16, 'pitkevych.andrii.1991@gmail.com', 500, 'Україна', '2024-08-15', 'volunteer', 'EUR', 21600),
(90, 16, 'bwnv5o39lx@icloud.com', 950, 'Україна', '2024-08-15', 'business', 'EUR', 41040),
(91, 16, 'globina999@gmail.com', 500, 'Україна', '2024-08-15', 'business', 'EUR', 21600),
(92, 16, 'bwnv5o39lx@icloud.com', 500, 'Україна', '2024-08-15', 'business', 'EUR', 21600),
(93, 17, 'pitkevych.andrii.1991@gmail.com', 500, 'Україна', '2024-08-15', 'business', 'EUR', 21600),
(94, 17, 'regx21@gmail.com', 500, 'Україна', '2024-08-15', 'volunteer', 'EUR', 21600),
(95, 17, 'bwnv5o39lx@icloud.com', 950, 'Україна', '2024-08-15', 'business', 'EUR', 41040),
(96, 17, 'tzpl96o3wn@zoho.com', 950, 'Україна', '2024-08-15', 'business', 'EUR', 41040),
(97, 17, 'bwnv5o39lx@icloud.com', 250, 'Україна', '2024-08-15', 'found', 'USD', 10025),
(98, 18, 'pitkevych.andrii.1991@gmail.com', 950, 'Нідерланди', '2024-08-15', 'business', 'EUR', 41040),
(99, 18, 'bwnv5o39lx@icloud.com', 950, 'Україна', '2024-08-15', 'found', 'EUR', 41040),
(100, 18, 'bwnv5o39lx@icloud.com', 950, 'Україна', '2024-08-15', 'business', 'EUR', 41040),
(101, 18, 'bwnv5o39lx@icloud.com', 500, 'Україна', '2024-08-15', 'business', 'EUR', 21600),
(102, 18, 'bwnv5o39lx@icloud.com', 950, 'Нідерланди', '2024-08-15', 'business', 'EUR', 41040),
(103, 19, 'mhl83o2x@gmail.com', 950, 'Нідерланди', '2024-08-15', 'business', 'USD', 38095),
(104, 19, 'mhl83o2x@gmail.com', 950, 'Нідерланди', '2024-08-15', 'business', 'USD', 38095),
(105, 19, 'regx21@gmail.com', 950, 'Нідерланди', '2024-08-15', 'volunteer', 'EUR', 41040),
(106, 19, 'bwnv5o39lx@icloud.com', 500, 'Нідерланди', '2024-08-15', 'business', 'EUR', 21600),
(107, 19, 'mhl83o2x@gmail.com', 500, 'Франція', '2024-08-15', 'volunteer', 'EUR', 21600),
(108, 19, 'globina999@gmail.com', 500, 'Франція', '2024-08-15', 'business', 'EUR', 21600),
(109, 20, 'pitkevych.andrii.1991@gmail.com', 500, 'Німеччина', '2024-08-15', 'business', 'USD', 20050),
(110, 20, 'pitkevych.andrii.1991@gmail.com', 500, 'Німеччина', '2024-08-15', 'business', 'EUR', 21600),
(111, 20, 'mhl83o2x@gmail.com', 500, 'Німеччина', '2024-08-15', 'volunteer', 'EUR', 21600),
(112, 20, 'tzpl96o3wn@zoho.com', 500, 'Німеччина', '2024-08-15', 'business', 'EUR', 21600),
(113, 20, 'bwnv5o39lx@icloud.com', 500, 'Німеччина', '2024-08-15', 'business', 'EUR', 21600),
(114, 20, 'regx21@gmail.com', 500, 'Німеччина', '2024-08-15', 'business', 'EUR', 21600),
(115, 20, 'pitkevych.andrii.1991@gmail.com', 500, 'Німеччина', '2024-08-10', 'business', 'EUR', 21600),
(116, 20, 'mhl83o2x@gmail.com', 500, 'Німеччина', '2024-09-15', 'business', 'EUR', 21600),
(117, 20, 'tzpl96o3wn@zoho.com', 500, 'Франція', '2024-09-15', 'business', 'EUR', 21600),
(118, 20, 'regx21@gmail.com', 500, 'Франція', '2024-09-15', 'business', 'EUR', 21600),
(119, 20, 'mhl83o2x@gmail.com', 500, 'Франція', '2024-09-15', 'business', 'EUR', 21600),
(120, 21, 'bwnv5o39lx@icloud.com', 500, 'Франція', '2024-09-15', 'found', 'EUR', 21600),
(121, 21, 'pitkevych.andrii.1991@gmail.com', 950, 'Франція', '2024-09-15', 'found', 'UAH', 950),
(122, 21, 'pitkevych.andrii.1991@gmail.com', 500, 'Франція', '2024-09-15', 'volunteer', 'EUR', 21600),
(123, 21, 'regx21@gmail.com', 500, 'Франція', '2024-09-15', 'volunteer', 'EUR', 21600),
(124, 21, 'tzpl96o3wn@zoho.com', 500, 'Нідерланди', '2024-09-15', 'business', 'EUR', 21600),
(125, 21, 'tzpl96o3wn@zoho.com', 950, 'Німеччина', '2024-09-15', 'business', 'USD', 38095),
(126, 21, 'bwnv5o39lx@icloud.com', 950, 'Англія', '2024-09-15', 'business', 'USD', 38095),
(127, 21, 'regx21@gmail.com', 950, 'Англія', '2024-09-15', 'business', 'EUR', 41040),
(128, 22, 'mhl83o2x@gmail.com', 950, 'Англія', '2024-09-15', 'business', 'USD', 38095),
(129, 22, 'pitkevych.andrii.1991@gmail.com', 500, 'Франція', '2024-09-15', 'volunteer', 'EUR', 21600),
(130, 22, 'regx21@gmail.com', 950, 'Франція', '2024-09-15', 'business', 'EUR', 41040),
(131, 22, 'tzpl96o3wn@zoho.com', 950, 'Франція', '2024-09-15', 'found', 'EUR', 41040),
(132, 22, 'pitkevych.andrii.1991@gmail.com', 500, 'Англія', '2024-09-15', 'found', 'USD', 20050),
(133, 22, 'bwnv5o39lx@icloud.com', 950, 'Англія', '2024-09-15', 'volunteer', 'USD', 38095),
(134, 22, 'tzpl96o3wn@zoho.com', 500, 'Англія', '2024-09-15', 'found', 'EUR', 21600),
(135, 22, 'mhl83o2x@gmail.com', 250, 'Англія', '2024-08-10', 'found', 'EUR', 10800),
(136, 22, 'regx21@gmail.com', 250, 'Англія', '2024-10-15', 'business', 'EUR', 10800),
(137, 22, 'regx21@gmail.com', 500, 'Німеччина', '2024-10-15', 'found', 'EUR', 21600),
(138, 23, 'regx21@gmail.com', 500, 'Німеччина', '2024-10-15', 'business', 'EUR', 21600),
(139, 23, 'mhl83o2x@gmail.com', 500, 'Німеччина', '2024-10-15', 'volunteer', 'EUR', 21600),
(140, 23, 'mhl83o2x@gmail.com', 500, 'Англія', '2024-10-15', 'business', 'EUR', 21600),
(141, 23, 'regx21@gmail.com', 250, 'Англія', '2024-10-15', 'found', 'EUR', 10800),
(142, 23, 'pitkevych.andrii.1991@gmail.com', 500, 'Англія', '2024-10-15', 'business', 'EUR', 21600),
(143, 24, 'mhl83o2x@gmail.com', 950, 'Німеччина', '2024-10-15', 'business', 'USD', 38095),
(144, 24, 'mhl83o2x@gmail.com', 950, 'Німеччина', '2024-10-15', 'volunteer', 'EUR', 41040),
(145, 24, 'mhl83o2x@gmail.com', 500, 'Німеччина', '2024-10-15', 'volunteer', 'EUR', 21600),
(146, 24, 'mhl83o2x@gmail.com', 500, 'Німеччина', '2024-10-15', 'business', 'EUR', 21600),
(147, 25, 'tzpl96o3wn@zoho.com', 500, 'Англія', '2024-10-15', 'business', 'EUR', 21600),
(148, 25, 'tzpl96o3wn@zoho.com', 500, 'Англія', '2024-10-15', 'volunteer', 'EUR', 21600),
(149, 25, 'mhl83o2x@gmail.com', 950, 'Англія', '2024-10-15', 'volunteer', 'EUR', 41040),
(150, 25, 'bwnv5o39lx@icloud.com', 500, 'Англія', '2024-10-15', 'business', 'EUR', 21600),
(151, 25, 'regx21@gmail.com', 500, 'Англія', '2024-10-15', 'volunteer', 'EUR', 21600),
(152, 25, 'mhl83o2x@gmail.com', 950, 'Україна', '2024-10-15', 'business', 'UAH', 950),
(153, 26, 'bwnv5o39lx@icloud.com', 500, 'Україна', '2024-10-15', 'found', 'EUR', 21600),
(154, 26, 'globina999@gmail.com', 950, 'Україна', '2024-10-15', 'found', 'UAH', 950),
(155, 26, 'regx21@gmail.com', 950, 'Україна', '2024-08-10', 'volunteer', 'EUR', 41040),
(156, 26, 'mhl83o2x@gmail.com', 500, 'Україна', '2024-08-10', 'volunteer', 'EUR', 21600),
(157, 26, 'pitkevych.andrii.1991@gmail.com', 500, 'Україна', '2024-08-10', 'volunteer', 'EUR', 21600),
(158, 26, 'mhl83o2x@gmail.com', 950, 'Україна', '2024-08-10', 'business', 'UAH', 950),
(159, 27, 'mhl83o2x@gmail.com', 500, 'Україна', '2024-08-10', 'business', 'USD', 20050),
(160, 27, 'regx21@gmail.com', 950, 'Україна', '2024-08-10', 'volunteer', 'USD', 38095),
(161, 27, 'mhl83o2x@gmail.com', 500, 'Україна', '2024-08-10', 'volunteer', 'EUR', 21600),
(162, 27, 'mhl83o2x@gmail.com', 500, 'Україна', '2024-08-10', 'volunteer', 'EUR', 21600),
(163, 28, 'tzpl96o3wn@zoho.com', 950, 'Україна', '2024-08-10', 'business', 'EUR', 41040),
(164, 28, 'regx21@gmail.com', 500, 'Англія', '2024-08-10', 'volunteer', 'EUR', 21600),
(165, 28, 'tzpl96o3wn@zoho.com', 250, 'Франція', '2024-08-10', 'volunteer', 'USD', 10025),
(166, 28, 'bwnv5o39lx@icloud.com', 950, 'Англія', '2024-08-10', 'volunteer', 'EUR', 41040),
(167, 29, 'tzpl96o3wn@zoho.com', 500, 'Англія', '2024-08-10', 'volunteer', 'EUR', 21600),
(168, 29, 'regx21@gmail.com', 250, 'Англія', '2024-08-10', 'volunteer', 'EUR', 10800),
(169, 29, 'regx21@gmail.com', 500, 'Франція', '2024-08-10', 'volunteer', 'EUR', 21600),
(170, 29, 'regx21@gmail.com', 950, 'Франція', '2024-08-10', 'found', 'USD', 38095),
(171, 29, 'mhl83o2x@gmail.com', 500, 'Україна', '2024-08-10', 'volunteer', 'EUR', 21600),
(172, 29, 'mhl83o2x@gmail.com', 500, 'Англія', '2024-08-10', 'business', 'EUR', 21600),
(173, 29, 'regx21@gmail.com', 500, 'Україна', '2024-08-10', 'business', 'EUR', 21600),
(174, 30, 'regx21@gmail.com', 950, 'Англія', '2024-08-10', 'business', 'EUR', 41040),
(175, 30, 'bwnv5o39lx@icloud.com', 500, 'Англія', '2024-08-10', 'volunteer', 'EUR', 21600),
(176, 30, 'mhl83o2x@gmail.com', 500, 'Англія', '2024-08-10', 'business', 'USD', 20050),
(177, 30, 'mhl83o2x@gmail.com', 500, 'Німеччина', '2024-08-10', 'volunteer', 'EUR', 21600),
(178, 30, 'bwnv5o39lx@icloud.com', 250, 'Україна', '2024-08-10', 'found', 'UAH', 250),
(179, 30, 'bwnv5o39lx@icloud.com', 950, 'Англія', '2024-08-10', 'business', 'UAH', 950),
(180, 30, 'bwnv5o39lx@icloud.com', 950, 'Англія', '2024-11-25', 'volunteer', 'EUR', 41040),
(181, 30, 'bwnv5o39lx@icloud.com', 950, 'Франція', '2024-11-15', 'business', 'USD', 38095),
(182, 31, 'bwnv5o39lx@icloud.com', 950, 'Україна', '2024-11-15', 'business', 'USD', 38095),
(183, 31, 'regx21@gmail.com', 950, 'Франція', '2024-11-15', 'business', 'USD', 38095),
(184, 31, 'mhl83o2x@gmail.com', 500, 'Франція', '2024-11-15', 'volunteer', 'USD', 20050),
(185, 31, 'bwnv5o39lx@icloud.com', 500, 'Англія', '2024-11-15', 'volunteer', 'EUR', 21600),
(186, 10, 'ududiak@gmail.com', 250, 'Німеччина', '2024-11-15', 'found', 'UAH', 250),
(187, 5, 'zetojy@mailinator.com', 250, 'Франція', '2024-12-10', 'business', 'UAH', 250),
(188, 5, 'bysuq@mailinator.com', 500, 'Франція', '2024-12-10', 'volunteer', 'EUR', 21600),
(189, 5, 'qemogypix@mailinator.com', 950, 'Франція', '2024-12-10', 'found', 'USD', 38095),
(190, 5, 'digivymati@mailinator.com', 500, 'Франція', '2024-12-10', 'volunteer', 'EUR', 21600),
(191, 5, 'mumefeqa@mailinator.com', 500, 'Україна', '2024-12-10', 'volunteer', 'USD', 20050),
(192, 5, 'cijedy@mailinator.com', 250, 'Україна', '2024-12-10', 'volunteer', 'UAH', 250),
(193, 5, 'pudahihyw@mailinator.com', 250, 'Україна', '2024-12-10', 'volunteer', 'EUR', 10800),
(194, 5, 'vihugyd@mailinator.com', 500, 'Україна', '2024-12-10', 'volunteer', 'EUR', 21600),
(195, 5, 'josujyta@mailinator.com', 250, 'Україна', '2024-12-10', 'volunteer', 'UAH', 250),
(196, 5, 'wyvyjyluh@mailinator.com', 500, 'Україна', '2024-12-10', 'volunteer', 'EUR', 21600),
(197, 5, 'wixigid@mailinator.com', 500, 'Україна', '2024-12-10', 'volunteer', 'USD', 20050),
(198, 5, 'wavuf@mailinator.com', 500, 'Україна', '2024-12-10', 'found', 'EUR', 21600),
(199, 7, 'sysa@mailinator.com', 250, 'Англія', '2024-12-10', 'volunteer', 'EUR', 10800),
(200, 7, 'sixi@mailinator.com', 500, 'Німеччина', '2024-12-10', 'business', 'EUR', 21600),
(201, 7, 'rihokomova@mailinator.com', 500, 'Німеччина', '2024-12-10', 'volunteer', 'EUR', 21600),
(202, 7, 'zyveloraku@mailinator.com', 500, 'Німеччина', '2024-12-10', 'volunteer', 'EUR', 21600),
(203, 20, 'pijigy@mailinator.com', 950, 'Німеччина', '2024-12-10', 'volunteer', 'EUR', 41040),
(204, 28, 'mecy@mailinator.com', 5000, 'Німеччина', '2024-12-10', 'volunteer', 'USD', 200500);

-- --------------------------------------------------------

--
-- Структура таблицы `help`
--

CREATE TABLE `help` (
  `id` int(11) NOT NULL,
  `name` varchar(200) NOT NULL,
  `email` varchar(200) NOT NULL,
  `phone` varchar(20) NOT NULL,
  `obl` int(100) NOT NULL,
  `orgname` varchar(100) NOT NULL,
  `dopinf` text NOT NULL,
  `date` date NOT NULL,
  `img` varchar(200) NOT NULL,
  `header` varchar(600) NOT NULL,
  `summa` int(11) NOT NULL,
  `status` int(11) NOT NULL,
  `des` text NOT NULL
) ENGINE=InnoDB DEFAULT CHARSET=utf8;

--
-- Дамп данных таблицы `help`
--

INSERT INTO `help` (`id`, `name`, `email`, `phone`, `obl`, `orgname`, `dopinf`, `date`, `img`, `header`, `summa`, `status`, `des`) VALUES
(1, 'Олег', 'Іваненко', '(435) 453-54-35', 15, 'Фонд «Повернись живим».', '13-та бригада оперативного призначення «Хартія» (13 БрОП) — військове формування Національної гвардії України.\r\n\r\nПісля початку російського вторгнення в 2022 році у Харкові було створене ДФТГ «Хартія», яке входило до 127-ї бригади ТРО. \r\n\r\nПідрозділ брав участь у боях за Харків і під Харковом. Взимку 2022 року воював під Бахмутом. \r\n\r\nНа початку 2023 року переформований на 13-ту бригаду НГУ в рамках кампанії «Гвардія наступу». Для захисників з 13 бригади Національної гвардії України, які боронять нашу землю, оголошуємо збір на мобільну майстерню Locker для технічного обслуговування та ремонту автомобільної техніки.\r\n\r\nЦі мобільні майстерні призначені для технічного обслуговування та ремонту універсальної автомобільної техніки різних зразків, зокрема, і для багатоцільових колісних транспортних засобів.\r\n\r\nВони значно збільшать можливості та потенціал з ремонту та обслуговування броне- і автотехніки, яку передають Україні у якості військово-технічної допомоги.\r\n\r\nЦе готове комплексне рішення, завдяки якому ремонт та обслуговування техніки можна буде проводити за лічені години й неподалік лінії фронту.\r\n\r\nМайстерня обладнана всім необхідним для швидкого ремонту на автомобільній техніці навіть у польових умовах. Машини оснащені шиномонтажним обладнанням, генератором, сваркою, пуско-зарядним пристроєм, пневмосистемою, інструментами та іншим критично важливим обладнанням та комфортним робочим місцем.\r\n\r\nЗроби свій крок до ПЕРЕМОГИ!', '2023-08-09', 'thumb_2677_320_200_0_0_crop.webp', 'Мобільна майстерня Locker для ремонту техніки для 13 бригади НГУ Хартія', 1500000, 1, 'Збираємо 1 311 500 грн на мобільну майстерню Locker для ремонту техніки для 13 бригади НГУ Хартія'),
(5, 'Черненко Андрій', 'andr@ukr.net', '+38096 2323432', 14, '3-я ОШБр Київ', '3-та окрема штурмова бригада (3 ОШБр) - це підрозділ Збройних сил України, що був створений 24 лютого 2022 року на базі підрозділу територіальної оборони \"Азов\" у Києві, під час російської агресії. У січні 2023 року він був перетворений на окрему штурмову бригаду Сухопутних військ ЗСУ. Раніше підрозділ був відомий як ССО \"Азов\" у Києві.\r\n\r\nБійці підрозділу територіальної оборони \"Азов\" Київ брали участь у визволенні з-під окупації таких міст, як Васильків, Ворзель, Ірпінь, Буча, Гостомель, Пуща-Водиця, Лютіж, Горенка, Стоянка та Мощуни. У березні 2022 року бійці разом з 72-ю бригадою ЗСУ влаштували засідку та розгромили колону БТГр 6-го танкового полку 90-ї танкової дивізії армії агресора поблизу Броварів і села Скибин.\r\n\r\nПід керівництвом ГУР МО, у березні 2022 року, бригада провела таємну операцію з авіапрориву блокади Маріуполя, доставивши на гелікоптерах в заблоковане російськими силами місто підкріплення, озброєння та ліки для поранених та евакуацію тяжкопоранених бійців. Бійці бригади також брали участь у звільненні Херсона та Херсонської області, а також в боях за Бахмут.\r\n\r\nУ багатьох військових операціях, бійці 3 ОШБр використовували різноманітну техніку, включаючи бойові машини піхоти, танкі, БТР, автомобілі та інші види техніки.\r\n\r\n\r\n\r\n\r\n\r\nОголошуємо збір коштів для захисників з 3-ої окремої штурмової бригади Київ, які зараз боронять нашу землю від загарбників та дуже потребують компллекс з мобільних майстерень Big-Locker та WorkShop на базі шассі DAF 4*4 та мобільну майстерню Locker!\r\n\r\nЦі мобільні майстерні призначені для технічного обслуговування, вантажного шиномонтажу та ремонту різних видів автомобільної техніки.\r\n\r\nВони дозволять поліпшити можливості та потенціал з ремонту та обслуговування броне- та автотехніки, яку Україна отримує у якості військово-технічної допомоги.\r\n\r\nЦе готове комплексне рішення, де майстерні оснащени всім необхідним обладнанням для оперативного ремонту в польових умовах.\r\n\r\nЗроби свій крок до ПЕРЕМОГИ!', '2023-07-13', 'thumb_811_320_200_0_0_crop.webp', 'Комплекс майстерень Big-Locker та WorkShop на базі шассі DAF та Locker для 3-ої ОШБр Київ', 2000000, 1, 'Збираємо 6 900 000 грн на комплекс майстерень Big-Locker та WorkShop на базі шассі DAF та Locker для 3-ої окремої штурмо...'),
(6, 'Федько Сергій', 'fedko@ukr.net', '+380967896767', 18, 'Сили спеціальних операцій Збройних сил України', 'Сили спеціальних операцій Збройних сил України (ССО ЗСУ) — окремий рід сил у складі Збройних сил України, до складу якого входять частини спеціального призначення та підрозділи інформаційно-психологічних спеціальних операцій, що комплектуються спеціально навченими фахівцями, які мають спеціальні можливості у сферах розвідки, прямих акцій та військової підтримки для виконання складних, небезпечних, інколи політично чутливих операцій, що проводить командування ССО.\r\n\r\n\r\n\r\n\r\n\r\n\r\n\r\n\r\n\r\n\r\n\r\nДля захисників Сил спеціальних операцій Збройних сил України, які зараз боронять нашу землю від загарбників та дуже потребують мобільні майстерні оголошуємо збір коштів!\r\n\r\nЦі майстерні призначені для технічного обслуговування та ремонту різних видів автомобільної техніки, включаючи колісні транспортні засоби.\r\n\r\nВони дозволять поліпшити можливості та потенціал з ремонту та обслуговування броне- та автотехніки, яку Україна отримує у якості військово-технічної допомоги.\r\n\r\nЦе готове комплексне рішення, яке дозволяє проводити ремонт та обслуговування техніки всього за кілька годин, неподалік від фронтової лінії.\r\n\r\nМайстерня оснащена необхідним обладнанням для швидкого ремонту автомобільної техніки навіть в умовах польових умов. Машини мають шиномонтажне обладнання, генератор, зварювальний апарат, пуско-зарядний пристрій, пневмосистему, інструменти та інше необхідне обладнання для комфортної роботи.\r\n\r\nЗроби свій крок до ПЕРЕМОГИ!', '2024-07-02', 'thumb_1189_320_200_0_0_crop.webp', 'Мобільні майстерні Locker для підрозділів Сил спеціальних операцій Збройних сил України', 800000, 1, 'Збираємо 10 500 000 грн на чотири мобільні майстерні Locker для підрозділів Сил спеціальних операцій Збройних сил Україн...'),
(7, 'Валерченко Василь', 'frtd12@ukr.net', '+380974567887', 15, '112-a окремa бригадa ТРО', '112-та окрема бригада територіальної оборони — кадроване в мирний час формування Сил територіальної оборони Збройних сил України у місті Києві. Бригада перебуває у складі Регіонального управління «Північ» Сил ТрО.\r\n\r\nПісля початку повномасштабного російського вторгнення 24 лютого 2022 року під час оборони Києва бригада вела бої з окупанатми на броварському і гостомельському напрямку, у Бучі, Ірпені, Мощуні та Чорнобилі. Після вигнання окупантів з Київської області підрозділи бригади були передислоковані і ведуть бойові дії на сході України.\r\n\r\n28 липня 2023 року 112 окрема бригада територіальної оборони Сил територіальної оборони Збройних Сил України указом Президента України Володимира Зеленського відзначена почесною відзнакою «За мужність та відвагу».\r\n\r\n\r\n\r\nДля захисників з 112-ої окремої бригади територіальної оборони, які боронять нашу землю оголошуємо збір на переобладнання п\'яти пікапів в мобільні майстерні для технічного обслуговування та ремонту автомобільної техніки.\r\n\r\nЦі мобільні майстерні призначені для технічного обслуговування та ремонту універсальної автомобільної техніки різних зразків, зокрема, і для багатоцільових колісних транспортних засобів.\r\n\r\nВони значно збільшать можливості та потенціал з ремонту та обслуговування броне- і автотехніки, яку передають Україні у якості військово-технічної допомоги.\r\n\r\nЦе готове комплексне рішення, завдяки якому ремонт та обслуговування техніки можна буде проводити за лічені години й неподалік лінії фронту.\r\n\r\nМайстерня обладнана всім необхідним для швидкого ремонту на автомобільній техніці навіть у польових умовах. Машини оснащені шиномонтажним обладнанням, генератором, сваркою, пуско-зарядним пристроєм, пневмосистемою, інструментами та іншим критично важливим обладнанням та комфортним робочим місцем.\r\n\r\nДолучайтесь до нашої ініціативи та допоможіть військовим мати все необхідне для виконання завдань. Кожна гривня, яку ви пожертвуєте, стане вагомим внеском в забезпечення безпеки наших військових. Разом ми зможемо допомогти захисникам України та віддячити їм за їх відвагу та самопожертву.\r\n\r\nЗроби свій крок до ПЕРЕМОГИ!', '2023-10-18', 'thumb_1500_320_200_0_0_crop.webp', 'Переобладнання п`яти пікапів в мобільні майстерні для 112-ої окремої бригади ТРО', 400000, 1, 'Збираємо 4 027 500 грн на переобладнання п\'яти пікапів в мобільні майстерні для 112-ої окремої бригади ТРО'),
(9, 'Олександр Шевченко', 'mhl83o2x@gmail.com', '+380936006118', 3, 'Фонд Надія', '34-й окремий моторизований батальйон (34 ОМБ, в/ч А4395) — Легендарний підрозділ у складі Збройних сил України. Створений у травні 2014 року як добровольчий 34-й батальйон територіальної оборони «Батьківщина», підпорядкований Міністерству оборони України.\r\n\r\nПід час воєнних дій у зоні АТО особовий склад 34-го БТрО звільнив 6 населених пунктів, серед яких Дзержинськ, брав участь у боях під Дебальцеве, ліквідував 2-х ватажків ЛНР та перекрив на десяти блокпостах половину підступів до Горлівки.\r\n\r\nЗараз військовослужбовці 34 ОМБ беруть безпосереднью активну участь в підготовці особового складу так і особисто в обороні, забезпеченні суверенітету, територіальної цілісності та недоторканності України.', '2023-09-05', 'thumb_1234_1272_500_0_0_crop.webp', 'Два пікапа для 34-го окремого моторизованого батальйону ЗСУ', 640000, 1, '34-й окремий моторизований батальйон (34 ОМБ, в/ч А4395) — Легендарний підрозділ у складі Збройних с'),
(10, 'Анастасія Ковальчук', 'vo29lpwxt@icloud.com', '+380932406118', 2, 'Серце для України', '57-ма окрема мотопіхотна бригада імені кошового отамана Костя Гордієнка (57 ОМПБр, в/ч А1736) — військове з\'єднання мотопіхотних військ у складі Сухопутних військ Збройних сил України чисельністю у бригаду. Базується у м. Нова Каховка Херсонської області. Входить до складу ОК «Південь».\r\n\r\nБригада була сформована вже після початку російської агресії, восени 2014 року. До її складу увійшли три батальйони, які також були сформовані вже після початку війни: 17-й, 34-й та 42-й мотопіхотні. Взимку 2015 року підрозділи бригади воювали під Дебальцевим.\r\n\r\nВ 2022 році бригада вела бої в околицах міст Северодонецк та Лисичанськ, а також на Херсонщині та в місті Бахмут.\r\n\r\nБригада носить ім\'я Костя Гордієнка — кошового отамана Запорізької Січі у XVIII столітті.\r\n\r\n', '2024-11-05', 'thumb_3681_1272_500_0_0_crop.webp', 'Інструменти та обладнання для для 57-ої окремої мотопіхотної бригади', 259200, 1, '57-ма окрема мотопіхотна бригада імені кошового отамана Костя Гордієнка (57 ОМПБр, в/ч А1736) — війс'),
(11, 'Дмитро Лисенко', 'wn8lp36vo@protonmail.com', '+380636033118', 5, 'Допомога поруч', 'Російський добровольчий корпус (РДК; Русский добровольческий корпус) — підрозділ Збройних сил України, сформований з виходців із правого руху у Росії у серпні 2022 року для захисту України від російського окупаційного війська під час російсько-української війни 2022. Входить до складу Інтернаціонального легіону ТрО України.\r\n\r\nПроводить бойові дії на Авдіївському напрямі, Запорожжі, Лиманському напрямі, так і на території Росії. Найбільша операція корпусу була, розпочата 12 березня 2024 року на території Бєлгородської та Курської областей. \r\n\r\nКомандир підрозділу — Денис Євгенійович Нікітін (Капустін), позивний White Rex.', '2024-09-04', 'thumb_3693_1272_500_0_0_crop.webp', 'Дрон DJI Mavic 3 Pro для підрозділу РДК', 76830, 1, 'Російський добровольчий корпус (РДК; Русский добровольческий корпус) — підрозділ Збройних сил Україн'),
(12, 'Дмитро Лисенко', 'tzpl96o3wn@zoho.com', '+380736333118', 5, 'Врятуй життя', '92-а окрема штурмова бригада імені кошового отамана Івана Сірка - формування механізованих військ ЗСУ. Ця легендарна бригада, яка дислокується у селі Клугино-Башкирівка, протягом багатьох років є \"щитом\" Харківщини. Під час повномасштабного вторгнення РФ саме 92-й ОШБр разом з іншими українськими захисниками вдалося втримати Харків і значну частину області, а в ході весняного і осіннього контрнаступів - звільнити вже майже весь регіон.\r\n\r\nБригаду створили у грудні 1999 року, коли 6-у дивізію Національної гвардії України передали до ЗСУ та перейменували на 6-у механізовану дивізію, після чого її переформували у 92-у ОШБр. Указом другого президента України Леоніда Кучми за бригадою збереглися присвоєні почесні найменування та державні нагороди, тому до 2007-го вона називалася 92-а окрема механізована Ропшинська орденів Жовтневої Революції та Червоного Прапора бригада.\r\n\r\nУ квітні 2012 року зенітний ракетно-артилерійський дивізіон 92-ї ОШБр мав забезпечувати безпеку проведення Євро-2012 у Донецьку. Також 104 військовослужбовця бригади брали участь в миротворчих місіях ООН в Лівані, Ліберії, Сьєрра-Леоне та колишній Югославії.\r\n\r\nУ середині березня 2014 року бійці 92-ї бригади вирушили в район українсько-російського кордону на Харківщині, оскільки Росія вже окупувала Крим, почала розхитувати ситуацію у східних областях України і здійснювала військові маневри неподалік кордону.\r\n\r\nВ подальшому військовослужбовці бригади приймали участь у боях під містами Дебальцеве Донецької області та Щастя, селищем Станиця Луганська і селом Бахмутівка на Луганщині. Так, 15 грудня 2014 року поблизу села Лобачеве Луганської області відбувся бій 92-ї ОМБр з диверсійно-розвідувальною групою загарбників. Три групи розвідників 92-ї бригади загальною кількість 20 бійців вистежили ДРГ ворога і в результаті бою ліквідували трьох та взяли в полон двох окупантів.\r\n\r\nЗ початком повномасштабної російсько-української війни бригада брала участь в обороні Харкова на Чугуївському напрямку. Також 92-а ОШБр брала активну участь у весняному і осінньому контрнаступах ЗСУ у Харківській області. В результаті військовослужбовці 92-ї бригади звільнили низку важливих населених пунктів.\r\n\r\nПерші три дні бригада вела бої у напрямку від адміністративного кордону Харківської та Сумської областей до адміністративного кордону Харківщини та Луганщини. Це була смуга відповідальності 92-ї бригади.\r\n\r\nПід час осіннього контрнаступу військовослужбовці 92-ї ОШБр приймали участь у звільнені міст Балаклія та Куп\'янськ.', '2024-11-12', 'thumb_1294_1272_500_0_0_crop.webp', 'Два комплекса майстерень WorkShop-Locker на шасі 4*4 та Locker для 92 ОШБр', 6375600, 1, '92-а окрема штурмова бригада імені кошового отамана Івана Сірка - формування механізованих військ ЗС'),
(13, 'Ольга Сидоренко', 'vl2o93xtp@yahoo.com', '+3806865333118', 3, 'Сила громади', '30-та окрема механізована бригада імені князя Костянтина Острозького (30 ОМБр, в/ч А0409) — формування механізованих військ у складі Сухопутних військ Збройних сил України. \r\n\r\nЗа організаційно-штатною структурою входить до складу ОК «Північ».\r\n\r\nВійськовослужбовці 30 окремої механізованої бригади Збройних Сил України беруть безпосередню активну участь в обороні, забезпеченні суверенітету, територіальної цілісності та недоторканності України.', '2024-06-10', 'thumb_1274_1272_500_0_0_crop.webp', 'Мобільна майстерня Locker для ремонту техніки для 30 ОМБр ім. Костянтина Острозького', 655000, 1, '30-та окрема механізована бригада імені князя Костянтина Острозького (30 ОМБр, в/ч А0409) — формуван'),
(14, 'Іван Петренко', 'xplvo92tn@outlook.com', '+380936006118', 15, 'Врятуй життя', '12-та бригада спеціального призначення «Азов» (12 БрСпП, в/ч 3057), (у 2014 — 2022: ОЗСП «Азов», полк «Азов», весна — літо 2014: батальйон «Азов») — військове формування Національної гвардії України. Входило до складу Східного оперативно-територіального об\'єднання.\r\n\r\nПісля початку російського вторгнення 24 лютого, 12 БрОП зайняла оборону у місті Маріуполь. Разом з іншими підрозділами бригада обороняла місто до травня 2022, до остаточної блокади українських військ на заводі «Азовсталь». 3 травня командири бригади повідомили про катастрофічну ситуації на заводі і закликали військово-політичне керівництво України і міжнародну спільноту евакуювати всіх війсьоких з території «Азовсталі». 20 травня захисники Маріуполя були змушені покинути територію комбінату «Азовсталь».\r\n\r\nВ лютому 2023 року 12-та бригада оперативного призначення реорганізувалася і разом із окремим загоном спеціального призначення НГУ «Азов» утворила 12-ту бригаду спеціального призначення «Азов».\r\n\r\n17 серпня 2023 року 12-та бригада спеціального призначення «Азов» відновилася і розпочала виконання бойових завдань на півдні, а також у районі Серебрянського лісництва.', '2024-10-14', 'thumb_1346_1272_500_0_0_crop.webp', 'Комплекти інструментів та обладнання на 5 сервісів для 12-ої бригади спеціального призначення “Азов” НГУ', 3721880, 1, '12-та бригада спеціального призначення «Азов» (12 БрСпП, в/ч 3057), (у 2014 — 2022: ОЗСП «Азов», пол'),
(15, 'Марія Бондар', 'bwnv5o39lx@icloud.com', '+3806865333118', 16, 'Серце для України', '31-ша окрема механізована бригада (31 ОМБр) — механізоване з\'єднання Сухопутних військ Збройних сил України чисельністю у бригаду.\r\n\r\nВлітку 2023 року бригада брала участь у контрнаступальних операціях на Півдні, в районі Рівнополя.', '2024-06-14', 'thumb_2044_1272_500_0_0_crop.webp', 'Повнопривідний пікап для 31-ої окремої механізованої бригади ЗСУ', 384920, 1, '31-ша окрема механізована бригада (31 ОМБр) — механізоване з\'єднання Сухопутних військ Збройних сил '),
(16, 'Владислав Гриценко', 'regx21@gmail.com', '+380736045118', 3, 'Врятуй життя', '23-тя окрема механізована бригада (23 ОМБр) — з\'єднання механізованих військ Сухопутних військ Збройних сил України чисельністю у бригаду.\r\n\r\nУ 2023 році у складі військ ОСУВ «Таврія» вела бої на запорізькому напрямку.\r\n\r\nВійськовослужбовці 23 окремої механізованої бригади Збройних Сил України беруть безпосередню активну участь в обороні, забезпеченні суверенітету, територіальної цілісності та недоторканності України.', '2024-11-10', 'thumb_2514_1272_500_0_0_crop.webp', 'Зарядні станції для 23-ої окремої механізованої бригади', 1485209, 1, '23-тя окрема механізована бригада (23 ОМБр) — з\'єднання механізованих військ Сухопутних військ Зброй'),
(17, 'Світлана Іванченко', 'fpl8xvo93n@icloud.com', '+380736033118', 8, 'Мирне небо', '241-ша окрема бригада Сил територіальної оборони Збройних Сил України (241 ОБрТрО) — кадроване формування Сил територіальної оборони Збройних сил України у м. Києві. \r\n\r\nБригада перебуває у складі Регіонального управління «Північ» Сил ТрО.', '2024-09-18', 'thumb_3693_1272_500_0_0_crop.webp', 'Комплекси РЕБ Синиця та дрони Mavic 3T для 241-ої окремої бригади ТрО', 2485415, 1, '241-ша окрема бригада Сил територіальної оборони Збройних Сил України (241 ОБрТрО) — кадроване форму'),
(18, 'Артем Романюк', 'oxlpw5n38v@protonmail.com', '+3806865333118', 15, 'Global Hope Foundation', 'Інженерні війська України — рід спеціальних військ у Збройних силах України, що призначений для інженерного забезпечення бойових дій. \r\n\r\nПідрозділи інженерних військ є у кожному з видів Збройних сил України, а також окремо у Командуванні Сил підтримки Збройних Сил України.', '2024-11-10', 'thumb_3520_1272_500_0_0_crop.webp', 'Слюсарно-складська майстерня для 20-го арсеналу інженерних військ', 1547800, 1, 'Інженерні війська України — рід спеціальних військ у Збройних силах України, що призначений для інже'),
(19, 'Артем Романюк', 'bwnv5o39lx@icloud.com', '', 2, 'Global Hope Foundation', '143-тя окрема піхотна бригада (143 ОПБр, в/ч A4844) — з\'єднання Сухопутних військ Збройних сил України чисельністю у бригаду.', '2024-10-14', 'thumb_3632_1272_500_0_0_crop.webp', 'Зарядні станції для 143-ої окремої піхотної бригади', 638255, 1, '143-тя окрема піхотна бригада (143 ОПБр, в/ч A4844) — з\'єднання Сухопутних військ Збройних сил Украї'),
(20, 'Sophia Williams', 'nvl9o32ptx@yahoo.com', '+380932406118', 2, 'HelpOrg', 'Центральний науково-дослідний інститут Збройних Сил України — головна науково-дослідна установа Збройних сил України з питань дослідження проблем будівництва, розвитку, застосування Збройних сил України та управління ними, розвитку оперативного мистецтва видів Збройних сил України і тактики родів військ (спеціальних військ), їх оперативного, матеріально-технічного забезпечення.', '2024-10-14', 'thumb_3527_1272_500_0_0_crop.webp', 'Автомобіль позашляховик для центрального науково-дослідного інституту ЗСУ', 712500, 1, 'Центральний науково-дослідний інститут Збройних Сил України — головна науково-дослідна установа Збро'),
(21, 'Дмитро Лисенко', 'bwnv5o39lx@icloud.com', '+380936006118', 15, 'Врятуй життя', '122-га окрема бригада територіальної оборони (122 ОБрТрО) є невід’ємною частиною Сил територіальної оборони Збройних Сил України. \r\n\r\nСтворена на початку січня 2022 року відповідно до Закону України “Про основи національного спротиву, ця бригада взяла на себе важливе завдання – гарантувати територіальну оборону Одеської області. \r\n\r\nФормування 122 ОБрТрО завершилося до 15 лютого 2022 року, і з того часу вона стала однією зі складових Національного спротиву України.\r\n\r\n122-та окрема бригада територіальної оборони є невід’ємною частиною оборонної потужності України та важливим елементом національного спротиву. Її командування та особовий склад готові і надалі захищати нашу країну та є символом відданості та готовності до служіння Україні.', '2024-10-08', 'thumb_3628_1272_500_0_0_crop.webp', 'Зарядні станції для 122-ої окремої бригади територіальної оборони', 201600, 1, '122-га окрема бригада територіальної оборони (122 ОБрТрО) є невід’ємною частиною Сил територіальної '),
(22, 'Марія Бондар', 'bwnv5o39lx@icloud.com', '+380636033118', 2, 'Серце для України', 'Спецпідрозділ «Kraken» — окремий розвідувально-диверсійний підрозділ Головного управління розвідки Міністерства оборони України.\r\n\r\nСпецпідрозділ сформований ветеранами полку «АЗОВ», офіцерами ГУР МОУ, ультрас та добровольцями у березні 2022 року у Харкові, підрозділ складається із п\'яти батальйонів та має чисельність полку.\r\n\r\nПідрозділ названий на честь Кракена — міфічного гігантського чудовиська, що несе смерть ворогам.\r\n\r\nОчолюють спецпідрозділ офіцери Головного управління розвідки Міністерства оборони України. Одними з командирів спецпідрозділу є Костянтин Немічев та Сергій Величко.\r\n\r\nПочинаючи з березня і по жовтень 2022 року включно у Харківській області за участю спецпідрозділу «Kraken» було звільнено: Вільхівку, Лісне, Руську Лозову, Питомник, Білогорівку (Луганська область), Вербівку, Балаклію, Бородоярське, Морозівку, Савинці, Довгалівку, лівобережну частину Куп\'янська, Подоли, Куп\'янськ-Вузловий, Ківшарівку, Новоосинове, Глушківку, Колісниківку, Кислівку, Котлярівку.\r\n\r\nТакож підрозділ брав участь у боях за Харків, Дементіївку, Старий Салтів, Гракове, Залізничне, Кутузівку, Великі Проходи.\r\n\r\nУ січні 2023 року брав участь у боях біля Соледару в Донецькій області, а у березні — у Бахмуті.\r\n\r\n«Kraken» є «одним із найбільш боєздатних підрозділів» в Україні.\r\n\r\nОголошуємо збір на дві мультиліфт платформи під 20 футовий контейнер для спецпідрозділу Kraken.\r\n\r\nДолучайтесь до нашої ініціативи та допоможіть військовим мати все необхідне для виконання завдань. Кожна гривня, яку ви пожертвуєте, стане вагомим внеском в забезпечення безпеки наших військових. Разом ми зможемо допомогти захисникам України та віддячити їм за їх відвагу та самопожертву.\r\n\r\nЗроби свій крок до ПЕРЕМОГИ!', '2024-11-06', 'thumb_3640_1272_500_0_0_crop.webp', 'Дві мультиліфт платформи під контейнер для спецпідрозділу Kraken', 238900, 1, 'Спецпідрозділ «Kraken» — окремий розвідувально-диверсійний підрозділ Головного управління розвідки М'),
(23, 'Олександр Шевченко', 'bwnv5o39lx@icloud.com', '+3806865333118', 2, 'Врятуй життя', '24-й арсенал Ракетних військ стратегічного призначення (24 АРВСП, об\'єкт «Львів-50», в/ч А2365) — військове формування у складі РВСП Збройних сил України. ', '2024-09-10', 'thumb_3709_1272_500_0_0_crop.webp', 'Аксесуари для шиномонтажу для 24-го арсеналу Ракетних військ стратегічного призначення', 39479, 1, '24-й арсенал Ракетних військ стратегічного призначення (24 АРВСП, об\'єкт «Львів-50», в/ч А2365) — ві'),
(24, 'Світлана Іванченко', 'fpl8xvo93n@icloud.com', '+3806865333118', 3, 'Фонд Надія', '112-та окрема бригада територіальної оборони — кадроване в мирний час формування Сил територіальної оборони Збройних сил України у місті Києві. Бригада перебуває у складі Регіонального управління «Північ» Сил ТрО.\r\n\r\nПісля початку повномасштабного російського вторгнення 24 лютого 2022 року під час оборони Києва бригада вела бої з окупанатми на броварському і гостомельському напрямку, у Бучі, Ірпені, Мощуні та Чорнобилі. Після вигнання окупантів з Київської області підрозділи бригади були передислоковані і ведуть бойові дії на сході України.\r\n\r\n28 липня 2023 року 112 окрема бригада територіальної оборони Сил територіальної оборони Збройних Сил України указом Президента України Володимира Зеленського відзначена почесною відзнакою «За мужність та відвагу».', '2024-11-21', 'thumb_3630_1272_500_0_0_crop (1).webp', 'Двовісний причеп для контейнера для 112-ої окремої бригади ТРО', 340000, 1, '112-та окрема бригада територіальної оборони — кадроване в мирний час формування Сил територіальної '),
(25, 'Катерина Кравчук', 'lp5vwn39xo@protonmail.com', '+380636033118', 15, 'Врятуй життя', '32-га окрема механізована бригада (32 ОМБр) — механізоване з\'єднання Сухопутних військ Збройних сил України чисельністю у бригаду. Входить до складу Оперативного командування «Північ».\r\n\r\nВлітку 2023 року вела бої на Сватівському напрямку, в районі Куп\'янська. В 2024 році обороняла кордон на Сумщині.', '2024-09-10', 'thumb_3633_1272_500_0_0_crop.webp', 'Мобільна майстерня Locker для 32-ої окремої механізованої бригади', 1466050, 1, '32-га окрема механізована бригада (32 ОМБр) — механізоване з\'єднання Сухопутних військ Збройних сил '),
(26, 'Артем Романюк', 'wl8xv9n32p@gmail.com', '+380636033118', 2, 'Humanity First', '29-й окремий розвідувальний батальйон — підрозділ військової розвідки Збройних сил України сформований у 2014 році відповідно до спільної директиви Міністерства оборони України та Генерального штабу Збройних Сил України від 25 листопада 2014 року та наказу командувача військ оперативного командування «Південь» від 29 листопада 2014 року №1125 «Про формування військової частини польова пошта В4021». \r\n\r\nБазується у Донецької області. Підпорядкований оперативному командуванню «Схід».', '2024-08-05', 'thumb_3337_1272_500_0_0_crop.webp', 'Повнопривідний пікап та зарядні станції для 188-го командно-розвідувального центру', 765410, 1, '29-й окремий розвідувальний батальйон — підрозділ військової розвідки Збройних сил України сформован'),
(27, 'Артем Романюк', 'tzpl96o3wn@zoho.com', '+3806865333118', 2, 'Врятуй життя', '18-та Слов\'янська бригада НГУ (в/ч 3035) — військове формування Національної гвардії України. \r\n\r\nМісце дислокації — м. Слов\'янськ, Донецька область. \r\n\r\nПеребуває у складі Східного оперативно-територіального об\'єднання.', '2024-07-16', 'thumb_3317_1272_500_0_0_crop.webp', 'Інструменти та обладнання для 18-ої Слов`янської бригади НГУ', 960203, 1, '18-та Слов\'янська бригада НГУ (в/ч 3035) — військове формування Національної гвардії України. \r\n\r\nМі'),
(28, 'Світлана Іванченко', 'tzpl96o3wn@zoho.com', '+3806865333118', 5, 'Global Hope Foundation', '24-та окрема механізована бригада імені короля Данила (24 ОМБр, в/ч А0998) — військове з\'єднання механізованих військ у складі Сухопутних військ Збройних сил України чисельністю в бригаду. Перебуває у складі оперативного командування «Захід».\r\n\r\nВід початку російської агресії у 2014 році частини бригади були залучені на багатьох напрямках війни на сході. Влітку 2014 року бійці бригади брали участь у боях за Лиман, Лисичанськ, брали участь в операції із блокування російського кордону в Секторі Д. Блокуючи кордон, 11 липня 2014 року бригада зазнала втрат під час російської ракетної атаки під Зеленопіллям. У Секторі А частини бригади вели бої в Георгіївці і Лутугиному, Новосвітлівці і Хрящуватому, під Луганським аеропортом. Восени 2014 року бригада була залучена у важкі бої в районі 32-го блокпосту.\r\n\r\nВ ході російського вторгнення в Україну 2022 року бригада обороняла Попасну і Лисичанськ, після ротації бригада брала участь у визволенні правобережжя півдня України.\r\n\r\nБригада має ім\'я короля Данила — правителя Королівства Русі, видатного державного діяча і полководця Середньовіччя.\r\n\r\n', '2024-07-17', 'thumb_1325_1272_500_0_0_crop.webp', 'Комплекс майстерень Big-Locker та WorkShop на базі шассі та Locker для 24-ої окремої механізованої бригади ЗСУ', 632700, 1, '24-та окрема механізована бригада імені короля Данила (24 ОМБр, в/ч А0998) — військове з\'єднання мех'),
(29, 'Ольга Сидоренко', 'xwln9p23vt@gmail.com', '+380936006118', 3, 'Shelter and Care', '93-тя окрема механізована бригада «Холодний Яр» (93 ОМБр, в/ч А1302) — з\'єднання механізованих військ у складі Сухопутних військ Збройних сил України чисельністю в бригаду. Входить до складу Оперативного командування «Схід».\r\n\r\nВід самого початку бере участь у війні на сході України з Росією. Підрозділи бригади пройшли найзапекліші бої війни, включно з боями під Іловайськом та Донецьким аеропортом.\r\n\r\nЗа час війни на сході України бригада зазнала найбільших втрат серед військових частин України: станом на кінець 2017 року у боях загинуло 272 військовослужбовці. Станом на початок 2018 року державними нагородами відзначили понад 1000 військовослужбовців бригади, серед них троє отримали звання Героя України і орден «Золота Зірка».\r\n\r\nЗ початку повномасштабного вторгнення Росії 2022 року бригада обороняла Україну на різних напрямках: Сумщина, Харків, Ізюм, Балаклія, Бахмут і Соледар.\r\n\r\nБригада носить почесне найменування «Холодний Яр» — на честь історичної місцевості Наддніпрянської України, що уславилася своїми повстанцями.\r\n\r\n', '2024-07-02', 'thumb_1340_1272_500_0_0_crop.webp', 'Мобільна майстерня Locker для ремонту техніки для 93-ої окремої механізованої бригади «Холодний Яр»', 1029249, 1, '93-тя окрема механізована бригада «Холодний Яр» (93 ОМБр, в/ч А1302) — з\'єднання механізованих війсь'),
(30, 'Марія Бондар', 'mhl83o2x@gmail.com', '+380936006118', 5, 'Сила громади', 'Військовослужбовці 461-ого окремого піхотного батальйону Збройних Сил України беруть безпосереднью активну участь в обороні, забезпеченні суверенітету, територіальної цілісності та недоторканності України.\r\n\r\n', '2024-09-17', 'thumb_1517_1272_500_0_0_crop.webp', 'Вантажівка з кран маніпулятором для 461-ого окремого піхотного батальйону', 405925, 1, 'Військовослужбовці 461-ого окремого піхотного батальйону Збройних Сил України беруть безпосереднью а'),
(31, 'Катерина Кравчук', 'ox39vltnp5@icloud.com', '+3806865333118', 2, 'Global Hope Foundation', '103-тя окрема бригада Сил територіальної оборони Збройних Сил України (103 ОБрТрО) — кадроване формування Сил територіальної оборони Збройних сил України у Львівській області. \r\n\r\nБригада перебуває у складі Регіонального управління «Захід» Сил ТрО.', '2024-08-13', 'thumb_1575_1272_500_0_0_crop.webp', 'Переобладнання автомобіля ГАЗ-66 в майстерню Locker для 103-ої окремої бригади територіальної оборони', 931799, 1, '103-тя окрема бригада Сил територіальної оборони Збройних Сил України (103 ОБрТрО) — кадроване форму'),
(32, 'Akeem Frye', 'viwifik@mailinator.com', '+1 (997) 445-5985', 9, 'Mariko Hardy', 'Nulla laboriosam in', '2024-12-12', 'ic.jpg', 'Est laboriosam inci', 30000, 1, 'Nulla laboriosam in');

-- --------------------------------------------------------

--
-- Структура таблицы `land`
--

CREATE TABLE `land` (
  `name` varchar(100) NOT NULL
) ENGINE=InnoDB DEFAULT CHARSET=utf8;

--
-- Дамп данных таблицы `land`
--

INSERT INTO `land` (`name`) VALUES
('Німеччина'),
('Україна'),
('Франція'),
('Польща'),
('США'),
('Нідерланди'),
('Англія');

-- --------------------------------------------------------

--
-- Структура таблицы `mess`
--

CREATE TABLE `mess` (
  `id` int(11) NOT NULL,
  `name` varchar(100) NOT NULL,
  `email` varchar(100) NOT NULL,
  `phone` varchar(15) NOT NULL,
  `mes` text NOT NULL
) ENGINE=InnoDB DEFAULT CHARSET=utf8;

--
-- Дамп данных таблицы `mess`
--

INSERT INTO `mess` (`id`, `name`, `email`, `phone`, `mes`) VALUES
(1, 'Петро', 'petro@ukr.net', '45354356356', 'Хочу допомогти фізично');

-- --------------------------------------------------------

--
-- Структура таблицы `obl`
--

CREATE TABLE `obl` (
  `id` int(11) NOT NULL,
  `name` varchar(200) NOT NULL
) ENGINE=InnoDB DEFAULT CHARSET=utf8;

--
-- Дамп данных таблицы `obl`
--

INSERT INTO `obl` (`id`, `name`) VALUES
(1, 'м. Київ'),
(2, 'Вінницька область'),
(3, 'Волинська область'),
(4, 'Дніпропетровська область'),
(5, 'Харківська область'),
(6, 'Житомирська область'),
(7, 'Закарпатська область'),
(8, 'Запорізька область'),
(9, 'Івано-Франківська область'),
(10, 'Київська область'),
(13, 'Львівська область'),
(14, 'Миколаївська область'),
(15, 'Одеська област'),
(16, 'Полтавська область'),
(17, 'Рівненська область'),
(18, 'Сумська область');

--
-- Индексы сохранённых таблиц
--

--
-- Индексы таблицы `categories`
--
ALTER TABLE `categories`
  ADD PRIMARY KEY (`id`);

--
-- Индексы таблицы `cathelp`
--
ALTER TABLE `cathelp`
  ADD KEY `idcat` (`idcat`),
  ADD KEY `idhelp` (`idhelp`);

--
-- Индексы таблицы `gethelp`
--
ALTER TABLE `gethelp`
  ADD PRIMARY KEY (`id`),
  ADD KEY `idhelp` (`idhelp`);

--
-- Индексы таблицы `help`
--
ALTER TABLE `help`
  ADD PRIMARY KEY (`id`),
  ADD KEY `obl` (`obl`);

--
-- Индексы таблицы `mess`
--
ALTER TABLE `mess`
  ADD PRIMARY KEY (`id`);

--
-- Индексы таблицы `obl`
--
ALTER TABLE `obl`
  ADD PRIMARY KEY (`id`),
  ADD KEY `id` (`id`);

--
-- AUTO_INCREMENT для сохранённых таблиц
--

--
-- AUTO_INCREMENT для таблицы `categories`
--
ALTER TABLE `categories`
  MODIFY `id` int(11) NOT NULL AUTO_INCREMENT, AUTO_INCREMENT=8;
--
-- AUTO_INCREMENT для таблицы `gethelp`
--
ALTER TABLE `gethelp`
  MODIFY `id` int(11) NOT NULL AUTO_INCREMENT, AUTO_INCREMENT=205;
--
-- AUTO_INCREMENT для таблицы `help`
--
ALTER TABLE `help`
  MODIFY `id` int(11) NOT NULL AUTO_INCREMENT, AUTO_INCREMENT=33;
--
-- AUTO_INCREMENT для таблицы `mess`
--
ALTER TABLE `mess`
  MODIFY `id` int(11) NOT NULL AUTO_INCREMENT, AUTO_INCREMENT=2;
--
-- Ограничения внешнего ключа сохраненных таблиц
--

--
-- Ограничения внешнего ключа таблицы `cathelp`
--
ALTER TABLE `cathelp`
  ADD CONSTRAINT `cathelp_ibfk_1` FOREIGN KEY (`idcat`) REFERENCES `categories` (`id`) ON DELETE NO ACTION ON UPDATE NO ACTION;

--
-- Ограничения внешнего ключа таблицы `gethelp`
--
ALTER TABLE `gethelp`
  ADD CONSTRAINT `gethelp_ibfk_1` FOREIGN KEY (`idhelp`) REFERENCES `help` (`id`) ON DELETE NO ACTION ON UPDATE NO ACTION;

--
-- Ограничения внешнего ключа таблицы `help`
--
ALTER TABLE `help`
  ADD CONSTRAINT `help_ibfk_1` FOREIGN KEY (`obl`) REFERENCES `obl` (`id`) ON DELETE NO ACTION ON UPDATE NO ACTION;
COMMIT;

/*!40101 SET CHARACTER_SET_CLIENT=@OLD_CHARACTER_SET_CLIENT */;
/*!40101 SET CHARACTER_SET_RESULTS=@OLD_CHARACTER_SET_RESULTS */;
/*!40101 SET COLLATION_CONNECTION=@OLD_COLLATION_CONNECTION */;
